id,name,email,phone
1,John Doe,johndoe@example.com,555-1234
2,Jane Smith,janesmith@example.com,555-5678
3,Bob Johnson,bobjohnson@example.com,555-9012
4,Alice Brown,alicebrown@example.com,555-3456
5,Michael Lee,michaellee@example.com,555-7890
6,Sarah Kim,sarahkim@example.com,555-2345
7,David Chen,davidchen@example.com,555-6789
8,Emily Davis,emilydavis@example.com,555-0123
9,Joshua Lee,joshualee@example.com,555-4567
10,Karen Kim,karenkim@example.com,555-8901
11,John Lee,johnlee@example.com,555-2345
12,Mary Johnson,maryjohnson@example.com,555-6789
13,Kevin Park,kevinpark@example.com,555-0123
14,Jenny Kim,jennykim@example.com,555-4567
15,Andrew Lee,andrewlee@example.com,555-8901
16,William Brown,williambrown@example.com,555-1111
17,Maggie Lee,maggielee@example.com,555-2222
18,Grace Kim,gracekim@example.com,555-3333
19,David Lee,davidlee@example.com,555-4444
20,Kelly Johnson,kellyjohnson@example.com,555-5555
21,John Kim,johnkim@example.com,555-6666
22,Anna Smith,annasmith@example.com,555-6789
23,Steven Lee,stevenlee@example.com,555-7890
24,Julie Kim,juliekim@example.com,555-8901
25,Matt Brown,mattbrown@example.com,555-9012
